{
    "version": "2.1.0",
    "summary": "Elm's standard libraries",
    "repository": "http://github.com/elm-lang/core.git",
    "license": "BSD3",
    "source-directories": [
        "src"
    ],
    "exposed-modules": [
        "Array",
        "Basics",
        "Bitwise",
        "Char",
        "Color",
        "Date",
        "Debug",
        "Dict",
        "Graphics.Element",
        "Graphics.Collage",
        "Graphics.Input",
        "Graphics.Input.Field",
        "Json.Decode",
        "Json.Encode",
        "Keyboard",
        "List",
        "Maybe",
        "Mouse",
        "Random",
        "Regex",
        "Result",
        "Set",
        "Signal",
        "String",
        "Task",
        "Text",
        "Time",
        "Touch",
        "Trampoline",
        "Transform2D",
        "Window"
    ],
    "native-modules": true,
    "dependencies": {},
    "elm-version": "0.15.0 <= v < 0.16.0"
}